RptDt;TckrSymb;ISIN;Asst;BalQty;TradAvrgPric;PricFctr;BalVal
2023-01-04;A1EG34;BRA1EGBDR002;A1EG;2;27,5;1;55
2023-01-04;A1ES34;BRA1ESBDR007;A1ES;2;148,91;1;297,82
2023-01-04;A1IV34;BRA1IVBDR002;A1IV;1;38,65;1;38,65
2023-01-04;A1MD34;BRA1MDBDR002;A1MD;2674;42,206608;1;112860,47
2023-01-04;A1RE34;BRA1REBDR009;A1RE;63;191,5712698;1;12068,99
2023-01-04;A1UT34;BRA1UTBDR001;A1UT;146;246,3255479;1;35963,53
2023-01-04;A1ZN34;BRA1ZNBDR003;A1ZN;1;62,13;1;62,13
2023-01-04;A2RW34;BRA2RWBDR009;A2RW;395;37,97;1;14998,15
2023-01-04;A2SO34;BRA2SOBDR004;A2SO;1;72,01;1;72,01
2023-01-04;AALR3;BRAALRACNOR6;AALR;1254992;20,7744859;1;26071813,62
2023-01-04;AAPL34;BRAAPLBDR004;AAPL;1400737;35,084952;1;49144790,54
2023-01-04;ABBV34;BRABBVBDR001;ABBV;75;53,91;1;4043,25
2023-01-04;ABCB4;BRABCBACNPR4;ABCB;1232359;19,0999465;1;23537991,07
2023-01-04;ABEV3;BRABEVACNOR1;ABEV;300751168;14,9226053;1;4487990982,24
2023-01-04;ABTT34;BRABTTBDR007;ABTT;63;47,8982539;1;3017,59
2023-01-04;ACWI11;BRACWICTF001;ACWI;484936;9,1874762;1;4455337,99
2023-01-04;ADBE34;BRADBEBDR003;ADBE;307;37,2139739;1;11424,69
2023-01-04;AERI3;BRAERIACNOR4;AERI;11368370;1,1279436;1;12822881,02
2023-01-04;AESB3;BRAESBACNOR7;AESB;25982026;9,5802935;1;248915437,07
2023-01-04;AGRI11;BRAGRICTF002;AGRI;212;45,5;1;9646
2023-01-04;AGRO3;BRAGROACNOR7;AGRO;3041399;27,787213;1;84512002,08
2023-01-04;AGXY3;BRAGXYACNOR4;AGXY;311186;8,8420255;1;2751514,56
2023-01-04;AIRB34;BRAIRBBDR004;AIRB;208962;23,8620638;1;4986264,58
2023-01-04;ALLD3;BRALLDACNOR3;ALLD;77157;6,1097328;1;471408,66
2023-01-04;ALPA3;BRALPAACNOR0;ALPA;359;11,8308913;1;4247,29
2023-01-04;ALPA4;BRALPAACNPR7;ALPA;16389484;14,4796817;1;237314512,9
2023-01-04;ALPK3;BRALPKACNOR9;ALPK;62845;1,6097384;1;101164,01
2023-01-04;ALSO3;BRALSOACNOR5;ALSO;26572709;16,5291422;1;439224087,72
2023-01-04;ALUG11;BRALUGCTF000;ALUG;58301;34,5009137;1;2011437,77
2023-01-04;ALUP11;BRALUPCDAM15;ALUP;2735306;26,9040803;1;73590892,36
2023-01-04;ALUP3;BRALUPACNOR8;ALUP;1569;9,1018164;1;14280,75
2023-01-04;ALUP4;BRALUPACNPR5;ALUP;3886;9,21316;1;35802,34
2023-01-04;ALZR11;BRALZRCTF006;ALZR;1448;112,5234185;1;162933,91
2023-01-04;AMAR3;BRAMARACNOR4;AMAR;21950016;1,2746834;1;27979321,95
2023-01-04;AMBP3;BRAMBPACNOR6;AMBP;1994321;20,6731334;1;41228864,16
2023-01-04;AMER3;BRAMERACNOR6;AMER;70248358;8,9219814;1;626754545,26
2023-01-04;AMZO34;BRAMZOBDR002;AMZO;1539619;22,7247207;1;34987411,76
2023-01-04;ANIM3;BRANIMACNOR6;ANIM;7260381;4,0463813;1;29378270,13
2023-01-04;APER3;BRAPERACNOR9;APER;97361;26,8361009;1;2612789,62
2023-01-04;ARML3;BRARMLACNOR1;ARML;5598025;11,2548213;1;63004771,34
2023-01-04;ARZZ3;BRARZZACNOR3;ARZZ;4807625;77,9272305;1;374644901,84
2023-01-04;ASAI3;BRASAIACNOR0;ASAI;81013056;19,3195997;1;1565139819,27
2023-01-04;ASIA11;BRASIACTF011;ASIA;55;7,6405454;1;420,23
2023-01-04;ATMP3;BRATMPACNOR8;ATMP;2851;1,1414275;1;3254,21
2023-01-04;ATOM3;BRATOMACNOR1;ATOM;806;2,2379528;1;1803,79
2023-01-04;ATTB34;BRATTBBDR007;ATTB;300;32,28;1;9684
2023-01-04;AURA33;BRAURABDR001;AURA;334500;30,0009561;1;10035319,82
2023-01-04;AURE3;BRAUREACNOR9;AURE;11906660;14,3523979;1;170889122,02
2023-01-04;AVGO34;BRAVGOBDR003;AVGO;1264;40,0944382;1;50679,37
2023-01-04;AVLL3;BRAVLLACNOR5;AVLL;512;6,7850585;1;3473,95
2023-01-04;AXPB34;BRAXPBBDR007;AXPB;3;77,9833333;1;233,95
2023-01-04;AZEV3;BRAZEVACNOR0;AZEV;170;1,5724705;1;267,32
2023-01-04;AZEV4;BRAZEVACNPR7;AZEV;775750;1,3970012;1;1083723,71
2023-01-04;AZUL4;BRAZULACNPR4;AZUL;23201178;11,18814;1;259578028,76
2023-01-04;B1IL34;BRB1ILBDR002;B1IL;5;24,76;1;123,8
2023-01-04;B1LL34;BRB1LLBDR006;B1LL;17;126,2923529;1;2146,97
2023-01-04;B1NT34;BRB1NTBDR005;B1NT;6250;55,739856;1;348374,1
2023-01-04;B1TI34;BRB1TIBDR005;B1TI;585;42,97;1;25137,45
2023-01-04;B3SA3;BRB3SAACNOR6;B3SA;212039372;12,4701798;1;2644169096,31
2023-01-04;BAAX39;BRBAAXBDR009;BAAX;50100;34,6285165;1;1734888,68
2023-01-04;BABA34;BRBABABDR005;BABA;585586;16,8315145;1;9856299,25
2023-01-04;BACW39;BRBACWBDR007;BACW;44531;45,7061637;1;2035341,18
2023-01-04;BAHI3;BRBAHIACNOR1;BAHI;170;12,54;1;2131,8
2023-01-04;BALM4;BRBALMACNPR2;BALM;5;9,7;1;48,5
2023-01-04;BARI11;BRBARICTF003;BARI;19;90,3757894;1;1717,14
2023-01-04;BAUH4;BRBAUHACNPR3;BAUH;3;83,89;1;251,67
2023-01-04;BAZA3;BRBAZAACNOR0;BAZA;66;49,3336363;1;3256,02
2023-01-04;BBAS3;BRBBASACNOR3;BBAS;59081103;33,7578539;1;1994451246,34
2023-01-04;BBDC3;BRBBDCACNOR1;BBDC;102651388;13,0274031;1;1337281011,75
2023-01-04;BBDC4;BRBBDCACNPR8;BBDC;393174414;14,62722;1;5751048668,61
2023-01-04;BBOV11;BRBBOVCTF001;BBOV;17526;56,0553103;1;982425,37
2023-01-04;BBPO11;BRBBPOCTF003;BBPO;5893;86,0470727;1;507075,4
2023-01-04;BBSD11;BRBBSDCTF000;BBSD;206;89,5870873;1;18454,94
2023-01-04;BBSE3;BRBBSEACNOR5;BBSE;26443875;32,2148069;1;851884326,9
2023-01-04;BBUG39;BRBBUGBDR000;BBUG;1;37,48;1;37,48
2023-01-04;BCFF11;BRBCFFCTF000;BCFF;7667;66,0165671;1;506149,02
2023-01-04;BCHI39;BRBCHIBDR001;BCHI;111208;30,6427911;1;3407723,52
2023-01-04;BCHQ39;BRBCHQBDR004;BCHQ;4;26,74;1;106,96
2023-01-04;BCLO39;BRBCLOBDR001;BCLO;1;29,26;1;29,26
2023-01-04;BCPX39;BRBCPXBDR003;BCPX;2;38,38;1;76,76
2023-01-04;BCRI11;BRBCRICTF009;BCRI;317;96,5639747;1;30610,78
2023-01-04;BCSA34;BRBCSABDR005;BCSA;307;15,1745276;1;4658,58
2023-01-04;BDIV11;BRBDIVCTF009;BDIV;2;104,43;1;208,86
2023-01-04;BDOM11;BRBDOMCTF006;BDOM;100;80,9527;1;8095,27
2023-01-04;BDRI39;BRBDRIBDR008;BDRI;1;40,16;1;40,16
2023-01-04;BDVD39;BRBDVDBDR001;BDVD;3;50,3533333;1;151,06
2023-01-04;BDVY39;BRBDVYBDR007;BDVY;94;62,6787234;1;5891,8
2023-01-04;BEEF3;BRBEEFACNOR6;BEEF;16646530;12,4358951;1;207014501,54
2023-01-04;BEES3;BRBEESACNOR9;BEES;1551;5,8547324;1;9080,69
2023-01-04;BEES4;BRBEESACNPR6;BEES;122;6,5234426;1;795,86
2023-01-04;BEFA39;BRBEFABDR008;BEFA;6;43,46;1;260,76
2023-01-04;BERK34;BRBERKBDR002;BERK;419671;80,4886662;1;33778759,05
2023-01-04;BEWG39;BRBEWGBDR000;BEWG;1306;43,0390505;1;56209
2023-01-04;BEWJ39;BRBEWJBDR004;BEWJ;1347;35,78;1;48195,66
2023-01-04;BEWU39;BRBEWUBDR001;BEWU;789;55,3605323;1;43679,46
2023-01-04;BFNX39;BRBFNXBDR001;BFNX;2;21,42;1;42,84
2023-01-04;BGIP4;BRBGIPACNPR8;BGIP;10;17,664;1;176,64
2023-01-04;BIAU39;BRBIAUBDR008;BIAU;1182;45,4464467;1;53717,7
2023-01-04;BIEM39;BRBIEMBDR007;BIEM;671;40,7207302;1;27323,61
2023-01-04;BIEU39;BRBIEUBDR000;BIEU;2208;42,4593523;1;93750,25
2023-01-04;BIOM3;BRBIOMACNOR2;BIOM;5700;6,095614;1;34745
2023-01-04;BITH11;BRBITHCTF004;BITH;85927;20,9509527;1;1800252,52
2023-01-04;BITO39;BRBITOBDR001;BITO;4735;45,7192502;1;216480,65
2023-01-04;BIVB39;BRBIVBBDR004;BIVB;71223;51,946001;1;3699750,03
2023-01-04;BIVE39;BRBIVEBDR008;BIVE;4;51,07;1;204,28
2023-01-04;BIWM39;BRBIWMBDR009;BIWM;2261;46,7539363;1;105710,65
2023-01-04;BIYF39;BRBIYFBDR009;BIYF;95405;26,7716943;1;2554153,5
2023-01-04;BIYW39;BRBIYWBDR004;BIYW;843;11,7723843;1;9924,12
2023-01-04;BKNG34;BRBKNGBDR006;BKNG;515;57,858932;1;29797,35
2023-01-04;BLAK34;BRBLAKBDR003;BLAK;6255;56,9107034;1;355976,45
2023-01-04;BLAU3;BRBLAUACNOR8;BLAU;919886;26,4994129;1;24376439,01
2023-01-04;BLBT39;BRBLBTBDR002;BLBT;20;40,83;1;816,6
2023-01-04;BLPA39;BRBLPABDR002;BLPA;2;53,045;1;106,09
2023-01-04;BLPX39;BRBLPXBDR004;BLPX;1;53,23;1;53,23
2023-01-04;BLUT3;BRBLUTACNOR8;BLUT;25;5,11;1;127,75
2023-01-04;BLUT4;BRBLUTACNPR5;BLUT;4045;1,55;1;6269,75
2023-01-04;BMEB3;BRBMEBACNOR8;BMEB;32;10,19;1;326,08
2023-01-04;BMEB4;BRBMEBACNPR5;BMEB;512;10,0014648;1;5120,75
2023-01-04;BMGB4;BRBMGBACNPR0;BMGB;1015959;2,1246609;1;2158568,43
2023-01-04;BMOB3;BRBMOBACNOR7;BMOB;777917;14,2656877;1;11097520,99
2023-01-04;BMYB34;BRBMYBBDR000;BMYB;1;380,19;1;380,19
2023-01-04;BNDA39;BRBNDABDR004;BNDA;6180;55,4721472;1;342817,87
2023-01-04;BOAC34;BRBOACBDR004;BOAC;11240;42,8753852;1;481919,33
2023-01-04;BOAS3;BRBOASACNOR6;BOAS;2144003;5,8816526;1;12610280,98
2023-01-04;BOBR4;BRBOBRACNPR3;BOBR;2032;1,2500492;1;2540,1
2023-01-04;BONY34;BRBONYBDR001;BONY;986;244,7003955;1;241274,59
2023-01-04;BOTZ39;BRBOTZBDR005;BOTZ;1;28,3;1;28,3
2023-01-04;BOVA11;BRBOVACTF003;BOVA;73712619;104,1843435;1;7679700824,91
2023-01-04;BOVB11;BRBOVBCTF001;BOVB;535918;109,6537;1;58765391,6
2023-01-04;BOVS11;BRBOVSCTF005;BOVS;4;83,025;1;332,1
2023-01-04;BOVV11;BRBOVVCTF009;BOVV;12906082;108,190752;1;1396318717,67
2023-01-04;BOVX11;BRBOVXCTF005;BOVX;3896418;11,0089633;1;42895523,01
2023-01-04;BOXP34;BRBOXPBDR008;BOXP;21;35,165238;1;738,47
2023-01-04;BPAC11;BRBPACUNT006;BPAC;29586068;22,6961045;1;671488493,69
2023-01-04;BPAC3;BRBPACACNOR7;BPAC;5253;12,8817589;1;67667,88
2023-01-04;BPAC5;BRBPACACNPA0;BPAC;34274;5,0687553;1;173726,52
2023-01-04;BPAN4;BRBPANACNPR1;BPAN;30777723;6,2853246;1;193447979,92
2023-01-04;BQTC39;BRBQTCBDR009;BQTC;32;39,3915625;1;1260,53
2023-01-04;BRAP3;BRBRAPACNOR5;BRAP;109627;25,980563;1;2848171,19
2023-01-04;BRAP4;BRBRAPACNPR2;BRAP;18290790;29,1797145;1;533720031,05
2023-01-04;BRAX11;BRBRAXCTF002;BRAX;1030;89,16233;1;91837,2
2023-01-04;BRBI11;BRBRBICDAM10;BRBI;474665;11,3375258;1;5381526,73
2023-01-04;BRCO11;BRBRCOCTF007;BRCO;4698;97,620796;1;458622,5
2023-01-04;BRCR11;BRBRCRCTF000;BRCR;28073;58,0445349;1;1629484,23
2023-01-04;BRFS3;BRBRFSACNOR8;BRFS;65268016;7,7681151;1;507009465,22
2023-01-04;BRIT3;BRBRITACNOR0;BRIT;973295;2,7529896;1;2679471,09
2023-01-04;BRIV3;BRBRIVACNOR6;BRIV;802;9,2425187;1;7412,5
2023-01-04;BRKM3;BRBRKMACNOR1;BRKM;29771;24,7514796;1;736876,3
2023-01-04;BRKM5;BRBRKMACNPA4;BRKM;17507388;23,7185973;1;415250685,77
2023-01-04;BRML3;BRBRMLACNOR9;BRML;46850235;8,1320653;1;380989174,26
2023-01-04;BRPR3;BRBRPRACNOR9;BRPR;12223021;6,1604236;1;75298987,19
2023-01-04;BRSR3;BRBRSRACNOR3;BRSR;3491;10,8934144;1;38028,91
2023-01-04;BRSR6;BRBRSRACNPB4;BRSR;6436968;9,6836777;1;62333523,71
2023-01-04;BSIL39;BRBSILBDR009;BSIL;3;30,1666666;1;90,5
2023-01-04;BSLV39;BRBSLVBDR002;BSLV;4344;37,9562776;1;164882,07
2023-01-04;BSRE39;BRBSREBDR005;BSRE;6;117,48;1;704,88
2023-01-04;BTAL11;BRBTALCTF003;BTAL;107;95,14;1;10179,98
2023-01-04;BTCI11;BRBTCICTF005;BTCI;275;78,7332363;1;21651,64
2023-01-04;BTLG11;BRBTLGCTF000;BTLG;11082;97,9836229;1;1085854,51
2023-01-04;BTRA11;BRBTRACTF000;BTRA;81;85,2433333;1;6904,71
2023-01-04;BURT39;BRBURTBDR009;BURT;73267;39,38;1;2885254,46
2023-01-04;BXPO11;BRBXPOCTF007;BXPO;274;102,1221167;1;27981,46
2023-01-04;C1CL34;BRC1CLBDR004;C1CL;2796;47,8762982;1;133862,13
2023-01-04;C2OI34;BRC2OIBDR003;C2OI;767;7,5681747;1;5804,79
2023-01-04;C2RW34;BRC2RWBDR007;C2RW;20;24,14;1;482,8
2023-01-04;CAMB3;BRCAMBACNOR4;CAMB;185;6,2151891;1;1149,81
2023-01-04;CAML3;BRCAMLACNOR3;CAML;4958614;8,4040107;1;41672245,44
2023-01-04;CASH3;BRCASHACNOR8;CASH;98748703;1,1951556;1;118020073,69
2023-01-04;CATP34;BRCATPBDR003;CATP;4015;77,7375765;1;312116,37
2023-01-04;CBAV3;BRCBAVACNOR5;CBAV;10624908;10,9849006;1;116713558,98
2023-01-04;CCRO3;BRCCROACNOR2;CCRO;41266031;10,69862;1;441489584,71
2023-01-04;CEAB3;BRCEABACNOR1;CEAB;19173382;2,202823;1;42235568,56
2023-01-04;CEBR3;BRCEBRACNOR5;CEBR;606;10,2445214;1;6208,18
2023-01-04;CEBR5;BRCEBRACNPA8;CEBR;317;10,8340694;1;3434,4
2023-01-04;CEBR6;BRCEBRACNPB6;CEBR;3362;10,2031588;1;34303,02
2023-01-04;CEDO4;BRCEDOACNPR5;CEDO;54;3,63;1;196,02
2023-01-04;CGAS3;BRCGASACNOR0;CGAS;1;130;1;130
2023-01-04;CGAS5;BRCGASACNPA3;CGAS;1933;129,4172012;1;250163,45
2023-01-04;CGRA3;BRCGRAACNOR2;CGRA;759;29,4118181;1;22323,57
2023-01-04;CGRA4;BRCGRAACNPR9;CGRA;11792;26,4847574;1;312308,26
2023-01-04;CHCM34;BRCHCMBDR001;CHCM;336;29,69;1;9975,84
2023-01-04;CHVX34;BRCHVXBDR008;CHVX;32672;93,8859775;1;3067442,66
2023-01-04;CIEL3;BRCIELACNOR3;CIEL;95866366;4,8574376;1;465664895,33
2023-01-04;CLSA3;BRCLSAACNOR0;CLSA;2260842;5,1181245;1;11571271,04
2023-01-04;CLSC4;BRCLSCACNPR3;CLSC;2363;55,4097799;1;130933,31
2023-01-04;CMDB11;BRCMDBCTF001;CMDB;305;11,1085245;1;3388,1
2023-01-04;CMIG3;BRCMIGACNOR6;CMIG;6472767;16,6425033;1;107723046,51
2023-01-04;CMIG4;BRCMIGACNPR3;CMIG;42795190;10,9010762;1;466513627,9
2023-01-04;CMIN3;BRCMINACNOR2;CMIN;78571283;3,9120493;1;307374735,79
2023-01-04;COCA34;BRCOCABDR002;COCA;58101;55,5571432;1;3227925,58
2023-01-04;COCE3;BRCOCEACNOR0;COCE;100;57,24;1;5724
2023-01-04;COCE5;BRCOCEACNPA3;COCE;25513;43,1793991;1;1101636,01
2023-01-04;COGN3;BRCOGNACNOR2;COGN;163586674;2,0783552;1;339991221,41
2023-01-04;COLG34;BRCOLGBDR000;COLG;74;58,74;1;4346,76
2023-01-04;COPH34;BRCOPHBDR009;COPH;27891;52,2653511;1;1457732,91
2023-01-04;COWC34;BRCOWCBDR006;COWC;12208;61,1979005;1;747103,97
2023-01-04;CPFE3;BRCPFEACNOR0;CPFE;9715038;32,2224262;1;313042095,17
2023-01-04;CPFF11;BRCPFFCTF000;CPFF;122;71,16;1;8681,52
2023-01-04;CPLE11;BRCPLECDAM13;CPLE;4764352;37,1772181;1;177125353,7
2023-01-04;CPLE3;BRCPLEACNOR8;CPLE;1167829;6,7127991;1;7839401,54
2023-01-04;CPLE6;BRCPLEACNPB9;CPLE;49226375;7,6341086;1;375799494,46
2023-01-04;CPTS11;BRCPTSCTF004;CPTS;148152;82,3676308;1;12202929,24
2023-01-04;CRFB3;BRCRFBACNOR2;CRFB;39585796;15,0135931;1;594325034,96
2023-01-04;CRIV3;BRCRIVACNOR4;CRIV;50;4,93;1;246,5
2023-01-04;CRIV4;BRCRIVACNPR1;CRIV;83;5,2486746;1;435,64
2023-01-04;CRPG5;BRCRPGACNPA3;CRPG;16645;27,240793;1;453423
2023-01-04;CRPG6;BRCRPGACNPB1;CRPG;14;27,7514285;1;388,52
2023-01-04;CRPT11;BRCRPTCTF006;CRPT;13;4,8030769;1;62,44
2023-01-04;CSAN3;BRCSANACNOR6;CSAN;54030822;16,4462146;1;888602498,72
2023-01-04;CSCO34;BRCSCOBDR004;CSCO;7513;50,6999161;1;380908,47
2023-01-04;CSED3;BRCSEDACNOR9;CSED;1213740;3,8699985;1;4697171,99
2023-01-04;CSMG3;BRCSMGACNOR5;CSMG;4477698;15,4763229;1;69298300,35
2023-01-04;CSNA3;BRCSNAACNOR6;CSNA;47132286;14,2868649;1;673372602,84
2023-01-04;CSUD3;BRCSUDACNOR5;CSUD;166123;11,4265818;1;1898218,06
2023-01-04;CTGP34;BRCTGPBDR000;CTGP;10;39,21;1;392,1
2023-01-04;CTKA4;BRCTKAACNPR7;CTKA;27;9,4759259;1;255,85
2023-01-04;CTNM3;BRCTNMACNOR9;CTNM;253;6,6164822;1;1673,97
2023-01-04;CTNM4;BRCTNMACNPR6;CTNM;1109;1,8091794;1;2006,38
2023-01-04;CTSA3;BRCTSAACNOR3;CTSA;150;2,91;1;436,5
2023-01-04;CTSA4;BRCTSAACNPR0;CTSA;699;1,6950786;1;1184,86
2023-01-04;CURY3;BRCURYACNOR3;CURY;6358520;11,5277286;1;73299293,14
2023-01-04;CVBI11;BRCVBICTF001;CVBI;17537;89,4951052;1;1569475,66
2023-01-04;CVCB3;BRCVCBACNOR1;CVCB;37688269;4,4029841;1;165940850,75
2023-01-04;CXSE3;BRCXSEACNOR7;CXSE;3958971;7,9940422;1;31648181,29
2023-01-04;CYRE3;BRCYREACNOR7;CYRE;40312436;12,9419498;1;521721523,45
2023-01-04;D1HI34;BRD1HIBDR008;D1HI;29;446,03;1;12934,87
2023-01-04;D1LR34;BRD1LRBDR001;D1LR;162;135,0680246;1;21881,02
2023-01-04;D1OM34;BRD1OMBDR006;D1OM;7;153,5757142;1;1075,03
2023-01-04;DASA3;BRDASAACNOR1;DASA;2186945;13,4458027;1;29405231,04
2023-01-04;DEEC34;BRDEECBDR003;DEEC;105;76,6723809;1;8050,6
2023-01-04;DEFI11;BRDEFICTF006;DEFI;49993;17,4921621;1;874485,66
2023-01-04;DESK3;BRDESKACNOR2;DESK;790973;8,8239899;1;6979537,84
2023-01-04;DEVA11;BRDEVACTF000;DEVA;97026;85,6902166;1;8314178,96
2023-01-04;DEXP3;BRDEXPACNOR1;DEXP;588561;6,7958954;1;3999799,01
2023-01-04;DEXP4;BRDEXPACNPR8;DEXP;19;5,92;1;112,48
2023-01-04;DIRR3;BRDIRRACNOR0;DIRR;7303964;14,7655163;1;107846800,11
2023-01-04;DISB34;BRDISBBDR006;DISB;134291;31,6083696;1;4244719,57
2023-01-04;DIVO11;BRDIVOCTF002;DIVO;68767;69,6134315;1;4787106,85
2023-01-04;DMMO3;BRDMMOACNOR0;DMMO;2450207;1,8654442;1;4570724,45
2023-01-04;DMVF3;BRDMVFACNOR9;DMVF;1442;3,9808113;1;5740,33
2023-01-04;DNAI11;BRDNAICTF008;DNAI;2;33,63;1;67,26
2023-01-04;DOTZ3;BRDOTZACNOR7;DOTZ;62180;1,4001315;1;87060,18
2023-01-04;DTCY3;BRDTCYACNOR5;DTCY;123;4,58;1;563,34
2023-01-04;DXCO3;BRDXCOACNOR8;DXCO;16606050;6,879265;1;114237419,65
2023-01-04;E1DU34;BRE1DUBDR001;E1DU;2;12,065;1;24,13
2023-01-04;E1XC34;BRE1XCBDR007;E1XC;3;230,88;1;692,64
2023-01-04;EAIN34;BREAINBDR007;EAIN;80;328,478;1;26278,24
2023-01-04;EALT3;BREALTACNOR4;EALT;50;8,8946;1;444,73
2023-01-04;EALT4;BREALTACNPR1;EALT;3476;6,8509205;1;23813,8
2023-01-04;ECOR3;BRECORACNOR8;ECOR;32425431;4,2144549;1;136655519,27
2023-01-04;EGIE3;BREGIEACNOR9;EGIE;19207518;38,1750242;1;733247465,43
2023-01-04;EKTR3;BREKTRACNOR0;EKTR;10;36;1;360
2023-01-04;ELAS11;BRELASCTF009;ELAS;102;102,1582352;1;10420,14
2023-01-04;ELCI34;BRELCIBDR007;ELCI;1866;52,8723258;1;98659,76
2023-01-04;ELET3;BRELETACNOR6;ELET;53283142;42,2025971;1;2248686974,32
2023-01-04;ELET6;BRELETACNPB7;ELET;11263701;44,5287198;1;501558186,34
2023-01-04;ELMD3;BRELMDACNOR3;ELMD;720678;9,993341;1;7201981,04
2023-01-04;EMAE4;BREMAEACNPR1;EMAE;1020;62,7545098;1;64009,6
2023-01-04;EMBR3;BREMBRACNOR4;EMBR;20911199;13,8795465;1;290237960,11
2023-01-04;ENAT3;BRENATACNOR0;ENAT;4124608;12,8030126;1;52807408,52
2023-01-04;ENBR3;BRENBRACNOR2;ENBR;34924144;20,4543463;1;714350536,65
2023-01-04;ENEV3;BRENEVACNOR8;ENEV;38589854;11,6681955;1;450273961,22
2023-01-04;ENGI11;BRENGICDAM16;ENGI;10338852;42,3919384;1;438283977,61
2023-01-04;ENGI3;BRENGIACNOR0;ENGI;227;13,3773127;1;3036,65
2023-01-04;ENGI4;BRENGIACNPR7;ENGI;4626;7,5316234;1;34841,29
2023-01-04;ENJU3;BRENJUACNOR9;ENJU;8006517;0,9614675;1;7698006,14
2023-01-04;EPAR3;BREPARACNOR9;EPAR;244;9,81;1;2393,64
2023-01-04;EQIX34;BREQIXBDR002;EQIX;186;44,8955376;1;8350,57
2023-01-04;EQPA3;BREQPAACNOR1;EQPA;57;6,4207017;1;365,98
2023-01-04;EQTL3;BREQTLACNOR0;EQTL;29763969;26,3782955;1;785122770,55
2023-01-04;ESGD11;BRESGDCTF003;ESGD;3181;7,8488431;1;24967,17
2023-01-04;ESGE11;BRESGECTF001;ESGE;478;6,98;1;3336,44
2023-01-04;ESGU11;BRESGUCTF007;ESGU;177495;7,7946595;1;1383513,09
2023-01-04;ESPA3;BRESPAACNOR7;ESPA;22666890;1,2446692;1;28212781,53
2023-01-04;ESTR4;BRESTRACNPR0;ESTR;18;39,99;1;719,82
2023-01-04;ETER3;BRETERACNOR3;ETER;3145328;10,2150355;1;32129637,27
2023-01-04;ETHE11;BRETHECTF007;ETHE;67003;18,6532086;1;1249820,94
2023-01-04;EUCA3;BREUCAACNOR1;EUCA;13;10,74;1;139,62
2023-01-04;EUCA4;BREUCAACNPR8;EUCA;48447;7,2447317;1;350985,52
2023-01-04;EURP11;BREURPCTF018;EURP;733357;9,4765179;1;6949670,74
2023-01-04;EVEN3;BREVENACNOR8;EVEN;10986887;4,8284755;1;53049914,83
2023-01-04;EXXO34;BREXXOBDR006;EXXO;31529;70,8681467;1;2234401,8
2023-01-04;EZTC3;BREZTCACNOR0;EZTC;17426077;13,813358;1;240712641,76
2023-01-04;F1TN34;BRF1TNBDR001;F1TN;15;137,1;1;2056,5
2023-01-04;F2IC34;BRF2ICBDR005;F2IC;565;69,83;1;39453,95
2023-01-04;F2NV34;BRF2NVBDR005;F2NV;105084;4,34;1;456064,56
2023-01-04;FCXO34;BRFCXOBDR007;FCXO;1052;66,6773193;1;70144,54
2023-01-04;FDXB34;BRFDXBBDR002;FDXB;6;890,12;1;5340,72
2023-01-04;FESA3;BRFESAACNOR8;FESA;1525;60,1513442;1;91730,8
2023-01-04;FESA4;BRFESAACNPR5;FESA;814704;54,2482417;1;44196259,54
2023-01-04;FHER3;BRFHERACNOR5;FHER;549805;17,3407359;1;9534023,35
2023-01-04;FIND11;BRFINDCTF007;FIND;150258;91,2540846;1;13711656,25
2023-01-04;FIQE3;BRFIQEACNOR5;FIQE;546841;3,7644962;1;2058580,89
2023-01-04;FLRY3;BRFLRYACNOR5;FLRY;29912997;15,6546353;1;468277060,26
2023-01-04;FOOD11;BRFOODCTF003;FOOD;34;94,23;1;3203,82
2023-01-04;FRAS3;BRFRASACNOR0;FRAS;107103;10,1881956;1;1091186,32
2023-01-04;FRIO3;BRFRIOACNOR2;FRIO;5;31;1;155
2023-01-04;FSLR34;BRFSLRBDR001;FSLR;16698;417,3717091;1;6969272,8
2023-01-04;G1PC34;BRG1PCBDR001;G1PC;5;484,21;1;2421,05
2023-01-04;G2DI33;BRG2DIBDR002;G2DI;21465;2,7275695;1;58547,28
2023-01-04;GALG11;BRGALGCTF009;GALG;11287;9,3125462;1;105110,71
2023-01-04;GEOO34;BRGEOOBDR000;GEOO;3;432,08;1;1296,24
2023-01-04;GETT11;BRGETTCDAM17;GETT;203896;4,7211388;1;962621,33
2023-01-04;GETT3;BRGETTACNOR4;GETT;1484;2,2928908;1;3402,65
2023-01-04;GETT4;BRGETTACNPR1;GETT;578;2,351384;1;1359,1
2023-01-04;GFSA3;BRGFSAACNOR3;GFSA;5761305;7,9779976;1;45963678,01
2023-01-04;GGBR3;BRGGBRACNOR1;GGBR;180008;24,5030035;1;4410736,67
2023-01-04;GGBR4;BRGGBRACNPR8;GGBR;75600511;29,8656889;1;2257861344,95
2023-01-04;GGPS3;BRGGPSACNOR9;GGPS;4116256;11,1763584;1;46004752,48
2023-01-04;GGRC11;BRGGRCCTF002;GGRC;5537;114,9952718;1;636728,82
2023-01-04;GMAT3;BRGMATACNOR7;GMAT;23246457;5,9126449;1;137448047,18
2023-01-04;GMCO34;BRGMCOBDR008;GMCO;200;47,7496;1;9549,92
2023-01-04;GOAU3;BRGOAUACNOR1;GOAU;113640;11,8900023;1;1351179,87
2023-01-04;GOAU4;BRGOAUACNPR8;GOAU;17538602;13,2202669;1;231865000,8
2023-01-04;GOGL34;BRGOGLBDR001;GOGL;224916;39,9843957;1;8993130,35
2023-01-04;GOGL35;BRGOGLBDR019;GOGL;11;39,58;1;435,38
2023-01-04;GOLD11;BRGOLDCTF015;GOLD;4757105;10,0590412;1;47851915,64
2023-01-04;GOLL4;BRGOLLACNPR4;GOLL;15706927;7,1797903;1;112772443,62
2023-01-04;GOVE11;BRGOVECTF004;GOVE;88;46,8925;1;4126,54
2023-01-04;GPIV33;BRGPIVBDR003;GPIV;17501;2,8064316;1;49115,36
2023-01-04;GRND3;BRGRNDACNOR3;GRND;13397157;6,4439488;1;86330594,71
2023-01-04;GSGI34;BRGSGIBDR008;GSGI;271;60,18;1;16308,78
2023-01-04;GSHP3;BRGSHPACNOR7;GSHP;2401;23,9808413;1;57578
2023-01-04;GTWR11;BRGTWRCTF003;GTWR;18;74,2083333;1;1335,75
2023-01-04;GUAR3;BRGUARACNOR4;GUAR;8638028;6,6410037;1;57365175,99
2023-01-04;GURU11;BRGURUCTF005;GURU;2059;8,4201214;1;17337,03
2023-01-04;H1ES34;BRH1ESBDR000;H1ES;2;388,33;1;776,66
2023-01-04;H1OG34;BRH1OGBDR004;H1OG;38;240,8794736;1;9153,42
2023-01-04;HABT11;BRHABTCTF001;HABT;21505;84,6923734;1;1821309,49
2023-01-04;HAGA4;BRHAGAACNPR4;HAGA;4209;1,1589498;1;4878,02
2023-01-04;HAPV3;BRHAPVACNOR4;HAPV;183851712;4,8477809;1;891272831,31
2023-01-04;HASH11;BRHASHCTF018;HASH;2123943;15,7939114;1;33545367,57
2023-01-04;HBOR3;BRHBORACNOR3;HBOR;3630548;2,1258567;1;7718025,15
2023-01-04;HBRE3;BRHBREACNOR4;HBRE;18205;4,4473611;1;80964,21
2023-01-04;HBSA3;BRHBSAACNOR0;HBSA;15335203;2,3384556;1;35860692,38
2023-01-04;HCTR11;BRHCTRCTF003;HCTR;116133;99,6051307;1;11567442,65
2023-01-04;HETA4;BRHETAACNPR9;HETA;40;3,92325;1;156,93
2023-01-04;HFOF11;BRHFOFCTF002;HFOF;1076;69,4901301;1;74771,38
2023-01-04;HGBS11;BRHGBSCTF000;HGBS;140;188,5978571;1;26403,7
2023-01-04;HGCR11;BRHGCRCTF000;HGCR;5990;101,915207;1;610472,09
2023-01-04;HGLG11;BRHGLGCTF004;HGLG;41846;163,4331983;1;6839025,62
2023-01-04;HGRE11;BRHGRECTF006;HGRE;3333;122,8859915;1;409579,01
2023-01-04;HGRU11;BRHGRUCTF002;HGRU;4536;118,9824625;1;539704,45
2023-01-04;HOME34;BRHOMEBDR002;HOME;14681;60,7157993;1;891368,65
2023-01-04;HONB34;BRHONBBDR006;HONB;5;1115,52;1;5577,6
2023-01-04;HSLG11;BRHSLGCTF009;HSLG;9;88,46;1;796,14
2023-01-04;HSML11;BRHSMLCTF007;HSML;8674;80,0091756;1;693999,59
2023-01-04;HYPE3;BRHYPEACNOR0;HYPE;13809555;43,4855131;1;600515585,29
2023-01-04;I1FO34;BRI1FOBDR005;I1FO;31;51,13;1;1585,03
2023-01-04;I1QV34;BRI1QVBDR007;I1QV;6;276,04;1;1656,24
2023-01-04;I1VZ34;BRI1VZBDR008;I1VZ;25;102,5;1;2562,5
2023-01-04;I2NV34;BRI2NVBDR002;I2NV;53;31,9173584;1;1691,62
2023-01-04;IBOB11;BRIBOBCTF008;IBOB;15987;84,4613992;1;1350284,39
2023-01-04;IFCM3;BRIFCMACNOR8;IFCM;4633568;3,8239782;1;17718663,45
2023-01-04;IGBR3;BRIGBRACNOR7;IGBR;800;31,146425;1;24917,14
2023-01-04;IGTI11;BRIGTICDAM16;IGTI;12012747;17,7156251;1;212813322,65
2023-01-04;IGTI3;BRIGTIACNOR8;IGTI;356147;2,4624289;1;876986,67
2023-01-04;IGTI4;BRIGTIACNPR5;IGTI;11697;8,0724596;1;94423,56
2023-01-04;INBR32;BRINBRBDR007;INBR;1260686;10,6898684;1;13476567,46
2023-01-04;INEP3;BRINEPACNOR1;INEP;1587712;1,1058242;1;1755730,37
2023-01-04;INEP4;BRINEPACNPR8;INEP;1984306;1,0631585;1;2109631,84
2023-01-04;INTB3;BRINTBACNOR9;INTB;7497415;29,5671239;1;221676998,98
2023-01-04;INTU34;BRINTUBDR003;INTU;13;51,2261538;1;665,94
2023-01-04;IRBR3;BRIRBRACNOR4;IRBR;306582468;0,7928898;1;243086115,03
2023-01-04;IRDM11;BRIRDMCTF004;IRDM;147107;94,6349053;1;13921457,02
2023-01-04;ISUS11;BRISUSCTF003;ISUS;95;30,9593684;1;2941,14
2023-01-04;ITLC34;BRITLCBDR005;ITLC;261;23,4660536;1;6124,64
2023-01-04;ITSA3;BRITSAACNOR0;ITSA;584698;8,8572712;1;5178828,81
2023-01-04;ITSA4;BRITSAACNPR7;ITSA;189077429;8,2809699;1;1565744513,87
2023-01-04;ITUB3;BRITUBACNOR4;ITUB;1109223;21,4708715;1;23815984,58
2023-01-04;ITUB4;BRITUBACNPR1;ITUB;235773899;24,703392;1;5824415061,89
2023-01-04;IVVB11;BRIVVBCTF001;IVVB;1891099;225,9569141;1;427306894,34
2023-01-04;JALL3;BRJALLACNOR0;JALL;1016449;7,2762971;1;7395984,98
2023-01-04;JBSS3;BRJBSSACNOR8;JBSS;25379455;21,0668403;1;534664925,79
2023-01-04;JFEN3;BRJFENACNOR0;JFEN;108970;0,65521;1;71398,24
2023-01-04;JHSF3;BRJHSFACNOR2;JHSF;13421756;5,0144061;1;67302136,33
2023-01-04;JNJB34;BRJNJBBDR002;JNJB;45603;62,4346444;1;2847207,09
2023-01-04;JOGO11;BRJOGOCTF008;JOGO;21924;57,1757183;1;1253520,45
2023-01-04;JPMC34;BRJPMCBDR009;JPMC;13034;71,558131;1;932688,68
2023-01-04;JSLG3;BRJSLGACNOR2;JSLG;1874650;5,6098929;1;10516585,8
2023-01-04;JSRE11;BRJSRECTF007;JSRE;5325;69,9445896;1;372454,94
2023-01-04;K1EY34;BRK1EYBDR003;K1EY;10;88,614;1;886,14
2023-01-04;K1IM34;BRK1IMBDR009;K1IM;30;117,93;1;3537,9
2023-01-04;KEPL3;BRKEPLACNOR1;KEPL;636103;20,1548069;1;12820533,17
2023-01-04;KHCB34;BRKHCBBDR007;KHCB;30;50,994;1;1529,82
2023-01-04;KISU11;BRKISUCTF000;KISU;238;7,982731;1;1899,89
2023-01-04;KLBN11;BRKLBNCDAM18;KLBN;20910396;20,1139949;1;420591599,17
2023-01-04;KLBN3;BRKLBNACNOR2;KLBN;210486;3,9749958;1;836680,98
2023-01-04;KLBN4;BRKLBNACNPR9;KLBN;1030820;3,9816101;1;4104323,4
2023-01-04;KMIC34;BRKMICBDR002;KMIC;41;95,31;1;3907,71
2023-01-04;KNCR11;BRKNCRCTF000;KNCR;148967;98,766037;1;14712880,24
2023-01-04;KNIP11;BRKNIPCTF001;KNIP;182784;90,5310877;1;16547634,35
2023-01-04;KNRI11;BRKNRICTF007;KNRI;3535;139,9619801;1;494765,6
2023-01-04;KNSC11;BRKNSCCTF008;KNSC;3091;85,8962762;1;265505,39
2023-01-04;KRSA3;BRKRSAACNOR0;KRSA;273912;1,1321308;1;310104,23
2023-01-04;L1EN34;BRL1ENBDR005;L1EN;11;469,51;1;5164,61
2023-01-04;L1UL34;BRL1ULBDR005;L1UL;63;433,2071428;1;27292,05
2023-01-04;LAND3;BRLANDACNOR9;LAND;205163;28,9113325;1;5931535,72
2023-01-04;LAVV3;BRLAVVACNOR4;LAVV;829072;4,7547106;1;3941997,49
2023-01-04;LBRD34;BRLBRDBDR002;LBRD;24;38,48;1;923,52
2023-01-04;LEVE3;BRLEVEACNOR2;LEVE;1746678;29,0215555;1;50691312,6
2023-01-04;LIGT3;BRLIGTACNOR2;LIGT;8360402;4,909391;1;41044483,01
2023-01-04;LJQQ3;BRLJQQACNOR5;LJQQ;8009645;4,3017592;1;34455564,75
2023-01-04;LLIS3;BRLLISACNOR4;LLIS;2878315;1,6222277;1;4669282,42
2023-01-04;LMTB34;BRLMTBBDR009;LMTB;62;2530,1195161;1;156867,41
2023-01-04;LOGG3;BRLOGGACNOR7;LOGG;2290396;16,5793006;1;37973163,85
2023-01-04;LOGN3;BRLOGNACNOR3;LOGN;721158;31,2936852;1;22567691,45
2023-01-04;LPSB3;BRLPSBACNOR0;LPSB;1251845;1,8937832;1;2370723,11
2023-01-04;LREN3;BRLRENACNOR1;LREN;48743621;20,5413019;1;1001257435,32
2023-01-04;LUPA3;BRLUPAACNOR8;LUPA;1853785;3,6414484;1;6750462,48
2023-01-04;LVBI11;BRLVBICTF002;LVBI;1208;100,0664155;1;120880,23
2023-01-04;LVTC3;BRLVTCACNOR4;LVTC;827301;5,524725;1;4570610,56
2023-01-04;LWSA3;BRLWSAACNOR8;LWSA;37236705;7,0992617;1;264353116,19
2023-01-04;M1LC34;BRM1LCBDR002;M1LC;56;30,3973214;1;1702,25
2023-01-04;M1MC34;BRM1MCBDR000;M1MC;18;447,3933333;1;8053,08
2023-01-04;M1RN34;BRM1RNBDR006;M1RN;185703;50,8489285;1;9442798,58
2023-01-04;M1SC34;BRM1SCBDR007;M1SC;392;59,43;1;23296,56
2023-01-04;M1TA34;BRM1TABDR009;M1TA;184074;26,7040596;1;4915523,08
2023-01-04;MALL11;BRMALLCTF007;MALL;8275;101,772012;1;842163,4
2023-01-04;MATB11;BRMATBCTF001;MATB;10567;58,2569149;1;615600,82
2023-01-04;MATD3;BRMATDACNOR4;MATD;6336755;6,819905;1;43216067,53
2023-01-04;MBLY3;BRMBLYACNOR5;MBLY;4480431;2,8460497;1;12751529,35
2023-01-04;MCCI11;BRMCCICTF008;MCCI;55256;90,2713466;1;4988033,53
2023-01-04;MCDC34;BRMCDCBDR000;MCDC;1560;70,0494358;1;109277,12
2023-01-04;MDIA3;BRMDIAACNOR7;MDIA;12074201;38,0583025;1;459523595,1
2023-01-04;MDNE3;BRMDNEACNOR9;MDNE;194410;5,5574446;1;1080422,81
2023-01-04;MEAL3;BRMEALACNOR9;MEAL;3610674;2,4842526;1;8969826,34
2023-01-04;MEGA3;BRMEGAACNOR9;MEGA;11242394;9,5459035;1;107318808,5
2023-01-04;MELI34;BRMELIBDR006;MELI;1440447;38,3360107;1;55220991,69
2023-01-04;MELK3;BRMELKACNOR8;MELK;828854;3,1718332;1;2628986,68
2023-01-04;MGEL4;BRMGELACNPR3;MGEL;34;13,1823529;1;448,2
2023-01-04;MGFF11;BRMGFFCTF008;MGFF;6762;56,326603;1;380880,49
2023-01-04;MGLU3;BRMGLUACNOR2;MGLU;244828340;2,7014449;1;661390276,61
2023-01-04;MILS3;BRMILSACNOR2;MILS;2551019;10,3555944;1;26417318,26
2023-01-04;MLAS3;BRMLASACNOR9;MLAS;23903735;3,5726586;1;85399884,91
2023-01-04;MMMC34;BRMMMCBDR000;MMMC;15;161,7393333;1;2426,09
2023-01-04;MNPR3;BRMNPRACNOR5;MNPR;506;6,126245;1;3099,88
2023-01-04;MOAR3;BRMOARACNOR5;MOAR;3200;464,40625;1;1486100
2023-01-04;MODL3;BRMODLACNOR2;MODL;2792487;2,1674822;1;6052666,09
2023-01-04;MORE11;BRMORECTF000;MORE;3;66,85;1;200,55
2023-01-04;MOVI3;BRMOVIACNOR0;MOVI;23287198;7,5695305;1;176273157,62
2023-01-04;MRCK34;BRMRCKBDR003;MRCK;561;74,1624598;1;41605,14
2023-01-04;MRFG3;BRMRFGACNOR0;MRFG;55300286;7,9201347;1;437985718,88
2023-01-04;MRVE3;BRMRVEACNOR2;MRVE;44564578;7,7414078;1;344992574,19
2023-01-04;MSBR34;BRMSBRBDR008;MSBR;285;89,3496491;1;25464,65
2023-01-04;MSCD34;BRMSCDBDR006;MSCD;10004;59,3736065;1;593973,56
2023-01-04;MSFT34;BRMSFTBDR005;MSFT;375515;53,0263292;1;19912182,04
2023-01-04;MTRE3;BRMTREACNOR6;MTRE;1164839;3,7352064;1;4350914,09
2023-01-04;MTSA4;BRMTSAACNPR9;MTSA;368;45,8792934;1;16883,58
2023-01-04;MULT3;BRMULTACNOR5;MULT;29673128;21,4275944;1;635823751,85
2023-01-04;MUTC34;BRMUTCBDR008;MUTC;46;49,423913;1;2273,5
2023-01-04;MWET4;BRMWETACNPR3;MWET;376;9,3803989;1;3527,03
2023-01-04;MXRF11;BRMXRFCTF008;MXRF;1323103;10,040419;1;13284508,59
2023-01-04;MYPK3;BRMYPKACNOR7;MYPK;6300607;12,2590069;1;77239184,73
2023-01-04;N1DA34;BRN1DABDR002;N1DA;10;166,31;1;1663,1
2023-01-04;N1RG34;BRN1RGBDR009;N1RG;2;169,5;1;339
2023-01-04;NASD11;BRNASDCTF007;NASD;3257843;8,3051949;1;27057021,34
2023-01-04;NEOE3;BRNEOEACNOR3;NEOE;4463069;14,9289242;1;66628819,19
2023-01-04;NEXP3;BRNEXPACNOR0;NEXP;3633927;0,3155512;1;1146690,07
2023-01-04;NEXT34;BRNEXTBDR006;NEXT;228;113,0696491;1;25779,88
2023-01-04;NFLX34;BRNFLXBDR000;NFLX;127185;31,1056449;1;3956171,45
2023-01-04;NGRD3;BRNGRDACNOR3;NGRD;3641978;1,4870003;1;5415622,74
2023-01-04;NIKE34;BRNIKEBDR006;NIKE;3794;56,5174117;1;214427,06
2023-01-04;NINJ3;BRNINJACNOR5;NINJ;543023;2,8201806;1;1531422,93
2023-01-04;NMRH34;BRNMRHBDR006;NMRH;5;19,17;1;95,85
2023-01-04;NOKI34;BRNOKIBDR005;NOKI;62;24,9141935;1;1544,68
2023-01-04;NORD3;BRNORDACNOR7;NORD;16;7,885;1;126,16
2023-01-04;NTCO3;BRNTCOACNOR5;NTCO;62380451;11,0468203;1;689105636,5
2023-01-04;NUBR33;BRNUBRBDR002;NUBR;14261973;3,4723285;1;49522256,05
2023-01-04;NVDC34;BRNVDCBDR008;NVDC;1038766;16,882124;1;17536576,47
2023-01-04;O1KE34;BRO1KEBDR008;O1KE;47;171,5170212;1;8061,3
2023-01-04;O1TI34;BRO1TIBDR000;O1TI;13;40,8430769;1;530,96
2023-01-04;ODPV3;BRODPVACNOR4;ODPV;10157749;8,6165395;1;87524645,57
2023-01-04;OFSA3;BROFSAACNOR7;OFSA;6296;23,8073427;1;149891,03
2023-01-04;OIBR3;BROIBRACNOR1;OIBR;895883852;0,1805529;1;161754505,26
2023-01-04;OIBR4;BROIBRACNPR8;OIBR;13006554;0,5156905;1;6707356,53
2023-01-04;ONCO3;BRONCOACNOR6;ONCO;4847926;6,4161465;1;31105003,84
2023-01-04;OPCT3;BROPCTACNOR0;OPCT;1778543;2,726054;1;4848404,35
2023-01-04;ORCL34;BRORCLBDR007;ORCL;290;69,8900344;1;20268,11
2023-01-04;ORVR3;BRORVRACNOR0;ORVR;1200544;33,7464416;1;40514087,99
2023-01-04;OXYP34;BROXYPBDR000;OXYP;1799;55,3395608;1;99555,87
2023-01-04;P1IO34;BRP1IOBDR000;P1IO;24;294,1545833;1;7059,71
2023-01-04;P1LD34;BRP1LDBDR007;P1LD;663;50,2557616;1;33319,57
2023-01-04;P2AN34;BRP2ANBDR007;P2AN;3627;13,806515;1;50076,23
2023-01-04;P2LT34;BRP2LTBDR001;P2LT;173;11,5991907;1;2006,66
2023-01-04;PAGS34;BRPAGSBDR006;PAGS;31549;9,5524938;1;301371,63
2023-01-04;PARD3;BRPARDACNOR1;PARD;1368576;21,3914105;1;29275771,08
2023-01-04;PATL11;BRPATLCTF003;PATL;141;70,8748936;1;9993,36
2023-01-04;PCAR3;BRPCARACNOR3;PCAR;10064958;17,4717135;1;175852062,88
2023-01-04;PDGR3;BRPDGRACNOR8;PDGR;4485178;0,1209923;1;542672,05
2023-01-04;PDTC3;BRPDTCACNOR3;PDTC;44840;3,1296273;1;140332,49
2023-01-04;PEAB4;BRPEABACNPR0;PEAB;1;58,05;1;58,05
2023-01-04;PEPB34;BRPEPBBDR005;PEPB;33;64,1975757;1;2118,52
2023-01-04;PETR3;BRPETRACNOR9;PETR;153790480;27,0310473;1;4157117749,71
2023-01-04;PETR4;BRPETRACNPR6;PETR;272116803;23,7890083;1;6473388891,12
2023-01-04;PETZ3;BRPETZACNOR2;PETZ;59514606;6,4148778;1;381778925,25
2023-01-04;PFIZ34;BRPFIZBDR006;PFIZ;8539;67,5062969;1;576436,27
2023-01-04;PFRM3;BRPFRMACNOR1;PFRM;465888;3,3361167;1;1554256,77
2023-01-04;PGCO34;BRPGCOBDR001;PGCO;13469;56,5854324;1;762149,19
2023-01-04;PGMN3;BRPGMNACNOR8;PGMN;1793850;4,1016383;1;7357723,96
2023-01-04;PHGN34;BRPHGNBDR002;PHGN;21;77,1290476;1;1619,71
2023-01-04;PIBB11;BRPIBBCTF005;PIBB;27115;188,9848736;1;5124324,85
2023-01-04;PINE4;BRPINEACNPR8;PINE;678797;1,5860203;1;1076585,88
2023-01-04;PLAS3;BRPLASACNOR2;PLAS;44;11,5736363;1;509,24
2023-01-04;PLPL3;BRPLPLACNOR5;PLPL;1189486;3,6555538;1;4348230,15
2023-01-04;PMAM3;BRPMAMACNOR3;PMAM;916461;4,5363826;1;4157417,79
2023-01-04;PNVL3;BRPNVLACNOR9;PNVL;1268347;11,1815;1;14182022,06
2023-01-04;POMO3;BRPOMOACNOR0;POMO;236830;2,1968972;1;520291,18
2023-01-04;POMO4;BRPOMOACNPR7;POMO;6991971;2,5504273;1;17832514,08
2023-01-04;PORD11;BRPORDCTF005;PORD;2;89,71;1;179,42
2023-01-04;PORT3;BRPORTACNOR8;PORT;452948;10,5300452;1;4769562,93
2023-01-04;POSI3;BRPOSIACNOR9;POSI;3925169;8,3381917;1;32728811,62
2023-01-04;PPLA11;BRPPLAUNT007;PPLA;6;4,805;1;28,83
2023-01-04;PRIO3;BRPRIOACNOR1;PRIO;36324905;30,9010527;1;1122477806,46
2023-01-04;PRNR3;BRPRNRACNOR4;PRNR;112958;6,6612609;1;752442,72
2023-01-04;PSSA3;BRPSSAACNOR7;PSSA;6552934;22,3039478;1;146156298,22
2023-01-04;PTBL3;BRPTBLACNOR8;PTBL;842934;7,985874;1;6731564,74
2023-01-04;PTNT3;BRPTNTACNOR6;PTNT;40;9,6365;1;385,46
2023-01-04;PTNT4;BRPTNTACNPR3;PTNT;50;6,1714;1;308,57
2023-01-04;PVBI11;BRPVBICTF003;PVBI;3980;90,0950527;1;358578,31
2023-01-04;PYPL34;BRPYPLBDR002;PYPL;12840;19,7227959;1;253240,7
2023-01-04;QAGR11;BRQAGRCTF005;QAGR;679;42,8266715;1;29079,31
2023-01-04;QBTC11;BRQBTCCTF008;QBTC;99802;5,3433445;1;533276,47
2023-01-04;QCOM34;BRQCOMBDR007;QCOM;501;50,3086626;1;25204,64
2023-01-04;QDFI11;BRQDFICTF000;QDFI;3;2,8666666;1;8,6
2023-01-04;QETH11;BRQETHCTF001;QETH;16537;4,3607492;1;72113,71
2023-01-04;QUAL3;BRQUALACNOR6;QUAL;23167314;5,6152036;1;130089187,19
2023-01-04;R1IN34;BRR1INBDR000;R1IN;643;166,012706;1;106746,17
2023-01-04;R2BL34;BRR2BLBDR007;R2BL;28836;14,1574788;1;408245,06
2023-01-04;RADL3;BRRADLACNOR0;RADL;66460352;23,1734996;1;1540118946,4
2023-01-04;RAIL3;BRRAILACNOR9;RAIL;30186940;17,9245426;1;541087093,44
2023-01-04;RAIZ4;BRRAIZACNPR6;RAIZ;58150607;3,5128711;1;204275590,38
2023-01-04;RANI3;BRRANIACNOR5;RANI;897082;8,5225178;1;7645397,39
2023-01-04;RAPT3;BRRAPTACNOR7;RAPT;7984;8,0720027;1;64446,87
2023-01-04;RAPT4;BRRAPTACNPR4;RAPT;7044992;8,524323;1;60053787,87
2023-01-04;RBRF11;BRRBRFCTF003;RBRF;7147;69,3681572;1;495774,22
2023-01-04;RBRP11;BRRBRPCTF002;RBRP;1759;49,757436;1;87523,33
2023-01-04;RBRR11;BRRBRRCTF008;RBRR;49998;87,1249463;1;4356073,07
2023-01-04;RBRY11;BRRBRYCTF004;RBRY;242;96,7632231;1;23416,7
2023-01-04;RBVA11;BRRBVACTF006;RBVA;33;92,01;1;3036,33
2023-01-04;RCRB11;BRRCRBCTF000;RCRB;4;126,85;1;507,4
2023-01-04;RCSL3;BRRCSLACNOR4;RCSL;155346;1,8095221;1;281102,03
2023-01-04;RCSL4;BRRCSLACNPR1;RCSL;225094;0,6734214;1;151583,12
2023-01-04;RDNI3;BRRDNIACNOR9;RDNI;935;6,7835935;1;6342,66
2023-01-04;RDOR3;BRRDORACNOR8;RDOR;31876109;28,4822493;1;907903283,88
2023-01-04;RECR11;BRRECRCTF004;RECR;94227;86,2198078;1;8124233,83
2023-01-04;RECT11;BRRECTCTF000;RECT;3418;53,9719953;1;184476,28
2023-01-04;RECV3;BRRECVACNOR3;RECV;5977593;29,5813628;1;176825347,25
2023-01-04;REDE3;BRREDEACNOR7;REDE;102;5,7341176;1;584,88
2023-01-04;RENT3;BRRENTACNOR4;RENT;39097782;53,2740847;1;2082898551,03
2023-01-04;RIGG34;BRRIGGBDR000;RIGG;18475;23,2453158;1;429457,21
2023-01-04;RIOT34;BRRIOTBDR007;RIOT;1552;381,3862757;1;591911,5
2023-01-04;RNEW11;BRRNEWCDAM15;RNEW;26668;5,8595777;1;156263,22
2023-01-04;RNEW3;BRRNEWACNOR8;RNEW;847;1,8850413;1;1596,63
2023-01-04;RNEW4;BRRNEWACNPR5;RNEW;71654;1,964688;1;140777,76
2023-01-04;ROMI3;BRROMIACNOR8;ROMI;939766;14,2787945;1;13418725,6
2023-01-04;ROST34;BRROSTBDR006;ROST;48;305,74;1;14675,52
2023-01-04;RPAD3;BRRPADACNOR1;RPAD;27;7,03;1;189,81
2023-01-04;RPAD5;BRRPADACNPA4;RPAD;5;6,96;1;34,8
2023-01-04;RPAD6;BRRPADACNPB2;RPAD;18;6,25;1;112,5
2023-01-04;RPMG3;BRRPMGACNOR9;RPMG;36406;1,6830791;1;61274,18
2023-01-04;RRRP3;BRRRRPACNOR5;RRRP;25205051;34,3754395;1;866434708,24
2023-01-04;RSID3;BRRSIDACNOR8;RSID;231412;2,4735199;1;572402,21
2023-01-04;RZAK11;BRRZAKCTF008;RZAK;36577;101,6953563;1;3719711,05
2023-01-04;RZTR11;BRRZTRCTF003;RZTR;90;96,3054444;1;8667,49
2023-01-04;S1GE34;BRS1GEBDR002;S1GE;1;33,1;1;33,1
2023-01-04;S1PO34;BRS1POBDR002;S1PO;7595;103,2580171;1;784244,64
2023-01-04;S1YF34;BRS1YFBDR002;S1YF;17;189,3;1;3218,1
2023-01-04;S2EA34;BRS2EABDR003;S2EA;13691;11,0718566;1;151584,79
2023-01-04;S2HO34;BRS2HOBDR007;S2HO;198193;1,6540455;1;327820,24
2023-01-04;S2UI34;BRS2UIBDR002;S2UI;86;36,35;1;3126,1
2023-01-04;SANB11;BRSANBCDAM13;SANB;28868392;27,1393929;1;783470634,23
2023-01-04;SANB3;BRSANBACNOR8;SANB;1149594;12,275773;1;14112155,05
2023-01-04;SANB4;BRSANBACNPR5;SANB;1200184;13,8537613;1;16627062,67
2023-01-04;SAPR11;BRSAPRCDAM13;SAPR;12653250;17,6630818;1;223495390,49
2023-01-04;SAPR3;BRSAPRACNOR9;SAPR;482683;3,251135;1;1569267,64
2023-01-04;SAPR4;BRSAPRACNPR6;SAPR;1273905;3,6203386;1;4611967,48
2023-01-04;SARE11;BRSARECTF006;SARE;10;65,68;1;656,8
2023-01-04;SBFG3;BRSBFGACNOR1;SBFG;5476793;12,1058055;1;66300991,36
2023-01-04;SBSP3;BRSBSPACNOR5;SBSP;9232059;55,7512353;1;514698694,44
2023-01-04;SBUB34;BRSBUBBDR005;SBUB;1;545,95;1;545,95
2023-01-04;SCAR3;BRSCARACNOR7;SCAR;1309;18,5001909;1;24216,75
2023-01-04;SCHW34;BRSCHWBDR006;SCHW;5;55,97;1;279,85
2023-01-04;SCVB11;BRSCVBCTF000;SCVB;2791;84,0284593;1;234523,43
2023-01-04;SDIL11;BRSDILCTF004;SDIL;208;95,05;1;19770,4
2023-01-04;SEER3;BRSEERACNOR5;SEER;3031789;4,7553165;1;14417116,37
2023-01-04;SEQL3;BRSEQLACNOR2;SEQL;8947595;3,2080406;1;28704248,21
2023-01-04;SGPS3;BRSGPSACNOR4;SGPS;101519;1,6962839;1;172205,05
2023-01-04;SHOT11;BRSHOTCTF006;SHOT;19;15,8815789;1;301,75
2023-01-04;SHOW3;BRSHOWACNOR7;SHOW;518074;2,2856597;1;1184140,88
2023-01-04;SHUL4;BRSHULACNPR4;SHUL;247188;4,6533644;1;1150255,86
2023-01-04;SIMH3;BRSIMHACNOR0;SIMH;14750556;6,6361394;1;97886746,69
2023-01-04;SLBG34;BRSLBGBDR003;SLBG;94;135,1343617;1;12702,63
2023-01-04;SLCE3;BRSLCEACNOR2;SLCE;5140294;44,8610621;1;230599048,37
2023-01-04;SLED3;BRSLEDACNOR0;SLED;65;8,112923;1;527,34
2023-01-04;SLED4;BRSLEDACNPR7;SLED;3271;2,6221828;1;8577,16
2023-01-04;SMAB11;BRSMABCTF003;SMAB;19720;7,1748935;1;141488,9
2023-01-04;SMAC11;BRSMACCTF001;SMAC;657924;49,8905831;1;32824212,02
2023-01-04;SMAL11;BRSMALCTF002;SMAL;4148136;93,8710135;1;389389730,52
2023-01-04;SMFT3;BRSMFTACNOR1;SMFT;11436396;13,6287752;1;155864070,71
2023-01-04;SMTO3;BRSMTOACNOR3;SMTO;5836945;25,0248047;1;146068408,97
2023-01-04;SNCI11;BRSNCICTF002;SNCI;1;98,81;1;98,81
2023-01-04;SNFF11;BRSNFFCTF001;SNFF;1;86,43;1;86,43
2023-01-04;SNSY3;BRSNSYACNOR2;SNSY;23;5,35;1;123,05
2023-01-04;SNSY5;BRSNSYACNPA5;SNSY;55;2,99;1;164,45
2023-01-04;SOJA3;BRSOJAACNOR9;SOJA;1652223;10,1819478;1;16822848,41
2023-01-04;SOMA3;BRSOMAACNOR3;SOMA;25251770;10,2605746;1;259097672,22
2023-01-04;SPXB11;BRSPXBCTF008;SPXB;32784;8,9090864;1;292075,49
2023-01-04;SPXI11;BRSPXICTF003;SPXI;162861;224,1301217;1;36502055,76
2023-01-04;SQIA3;BRSQIAACNOR6;SQIA;6302934;15,297765;1;96420803,68
2023-01-04;SSFO34;BRSSFOBDR003;SSFO;1411;32,4874344;1;45839,77
2023-01-04;STBP3;BRSTBPACNOR3;STBP;8679962;7,5069573;1;65160104,32
2023-01-04;STOC31;BRSTOCBDR008;STOC;76315;56,4163074;1;4305410,5
2023-01-04;STZB34;BRSTZBBDR006;STZB;64;326,65875;1;20906,16
2023-01-04;SUZB3;BRSUZBACNOR0;SUZB;27777921;49,4836861;1;1374553924,04
2023-01-04;SYNE3;BRSYNEACNOR2;SYNE;921976;4,0946543;1;3775173
2023-01-04;T1SC34;BRT1SCBDR000;T1SC;4;63,84;1;255,36
2023-01-04;T1SS34;BRT1SSBDR006;T1SS;113;88,5149557;1;10002,19
2023-01-04;T1WL34;BRT1WLBDR003;T1WL;3682;9,7354942;1;35846,09
2023-01-04;TAEE11;BRTAEECDAM10;TAEE;23100379;34,2510552;1;791212356,57
2023-01-04;TAEE3;BRTAEEACNOR9;TAEE;47802;11,4991437;1;549682,07
2023-01-04;TAEE4;BRTAEEACNPR6;TAEE;263612;11,3945474;1;3003739,44
2023-01-04;TAKP34;BRTAKPBDR006;TAKP;29;77,5972413;1;2250,32
2023-01-04;TASA3;BRTASAACNOR7;TASA;43102;12,868094;1;554640,59
2023-01-04;TASA4;BRTASAACNPR4;TASA;3409560;13,4651483;1;45910231,16
2023-01-04;TCNO3;BRTCNOACNOR5;TCNO;2922;1,2;1;3506,4
2023-01-04;TCNO4;BRTCNOACNPR2;TCNO;1848;0,88;1;1626,24
2023-01-04;TCSA3;BRTCSAACNOR3;TCSA;2526365;2,781244;1;7026437,53
2023-01-04;TECB11;BRTECBCTF004;TECB;21865;3,2375769;1;70789,62
2023-01-04;TECK11;BRTECKCTF005;TECK;519;32,674104;1;16957,86
2023-01-04;TECN3;BRTECNACNOR6;TECN;700737;2,1625218;1;1515359,08
2023-01-04;TEKA4;BRTEKAACNPR3;TEKA;601;22,8073211;1;13707,2
2023-01-04;TELB3;BRTELBACNOR2;TELB;2;16,09;1;32,18
2023-01-04;TELB4;BRTELBACNPR9;TELB;5278;9,546599;1;50386,95
2023-01-04;TEND3;BRTENDACNOR4;TEND;8708934;4,2494764;1;37008409,51
2023-01-04;TEXA34;BRTEXABDR003;TEXA;210;58,3196666;1;12247,13
2023-01-04;TFCO4;BRTFCOACNPR8;TFCO;543005;10,1862995;1;5531211,57
2023-01-04;TGAR11;BRTGARCTF009;TGAR;19644;119,2409626;1;2342369,47
2023-01-04;TGMA3;BRTGMAACNOR7;TGMA;323527;19,9082302;1;6440850
2023-01-04;TGTB34;BRTGTBBDR004;TGTB;10;796,409;1;7964,09
2023-01-04;TIMS3;BRTIMSACNOR5;TIMS;29046931;12,3959818;1;360065228,8
2023-01-04;TMOS34;BRTMOSBDR007;TMOS;471;59,3563057;1;27956,82
2023-01-04;TORD11;BRTORDCTF015;TORD;2521;7,2179293;1;18196,4
2023-01-04;TOTS3;BRTOTSACNOR8;TOTS;25937187;27,1757433;1;704862336,64
2023-01-04;TPIS3;BRTPISACNOR8;TPIS;1955672;1,0863607;1;2124565,22
2023-01-04;TPRY34;BRTPRYBDR001;TPRY;1;201,63;1;201,63
2023-01-04;TRAD3;BRTRADACNOR3;TRAD;6596271;2,1826657;1;14397454,83
2023-01-04;TRIG11;BRTRIGCTF010;TRIG;304;31,5056578;1;9577,72
2023-01-04;TRIS3;BRTRISACNOR4;TRIS;9022803;3,4712194;1;31320129,34
2023-01-04;TRPL3;BRTRPLACNOR4;TRPL;10;27,87;1;278,7
2023-01-04;TRPL4;BRTRPLACNPR1;TRPL;45485670;22,645344;1;1030038644,98
2023-01-04;TRVC34;BRTRVCBDR005;TRVC;71;30,5815492;1;2171,29
2023-01-04;TRXF11;BRTRXFCTF003;TRXF;6326;104,4788001;1;660932,89
2023-01-04;TSLA34;BRTSLABDR008;TSLA;1415050;22,764181;1;32212454,42
2023-01-04;TSMC34;BRTSMCBDR002;TSMC;363;50,3523966;1;18277,92
2023-01-04;TTEN3;BRTTENACNOR0;TTEN;2522640;10,224968;1;25793913,46
2023-01-04;TUPY3;BRTUPYACNOR1;TUPY;5552703;27,5835749;1;153163399,31
2023-01-04;TXRX4;BRTXRXACNPR0;TXRX;43;3,1418604;1;135,1
2023-01-04;U1LT34;BRU1LTBDR006;U1LT;540;121,32;1;65512,8
2023-01-04;U2ST34;BRU2STBDR009;U2ST;2;8,91;1;17,82
2023-01-04;UCAS3;BRUCASACNOR1;UCAS;33476;2,5274124;1;84607,66
2023-01-04;UGPA3;BRUGPAACNOR8;UGPA;89740162;12,5022059;1;1121949985,13
2023-01-04;UNHH34;BRUNHHBDR000;UNHH;7449;40,5233722;1;301858,6
2023-01-04;UNIP3;BRUNIPACNOR7;UNIP;13809;80,2844579;1;1108648,08
2023-01-04;UNIP5;BRUNIPACNPA0;UNIP;2215;93,4916343;1;207083,97
2023-01-04;UNIP6;BRUNIPACNPB8;UNIP;2120643;92,6413992;1;196459334,92
2023-01-04;URPR11;BRURPRCTF002;URPR;6254;96,9687368;1;606442,48
2023-01-04;USAL11;BRUSALCTF005;USAL;136640;8,1909666;1;1119213,68
2023-01-04;USIM3;BRUSIMACNOR3;USIM;2628414;7,3849964;1;19410828,11
2023-01-04;USIM5;BRUSIMACNPA6;USIM;74223823;7,29189;1;541231953,47
2023-01-04;USTK11;BRUSTKCTF007;USTK;920273;7,9779517;1;7341893,59
2023-01-04;UTEC11;BRUTECCTF004;UTEC;258949;10,5935746;1;2743195,55
2023-01-04;VALE3;BRVALEACNOR0;VALE;272179039;86,1330804;1;23443619067,53
2023-01-04;VAMO3;BRVAMOACNOR7;VAMO;8662471;11,9555958;1;103565002,39
2023-01-04;VBBR3;BRVBBRACNOR1;VBBR;50841456;15,0342238;1;764361828,62
2023-01-04;VCJR11;BRVCJRCTF005;VCJR;97;90,34;1;8762,98
2023-01-04;VERZ34;BRVERZBDR008;VERZ;9000;34,0949822;1;306854,84
2023-01-04;VGHF11;BRVGHFCTF005;VGHF;74748;9,0602361;1;677234,53
2023-01-04;VGIP11;BRVGIPCTF002;VGIP;11583;81,4839955;1;943829,12
2023-01-04;VGIR11;BRVGIRCTF008;VGIR;459;9,8573856;1;4524,54
2023-01-04;VIIA3;BRVIIAACNOR7;VIIA;215070171;2,3052358;1;495787460,98
2023-01-04;VILG11;BRVILGCTF001;VILG;6173;97,3158966;1;600731,03
2023-01-04;VINO11;BRVINOCTF001;VINO;1303;46,8344512;1;61025,29
2023-01-04;VISA34;BRVISABDR000;VISA;52947;54,7588881;1;2899318,85
2023-01-04;VISC11;BRVISCCTF005;VISC;5373;103,8039642;1;557738,7
2023-01-04;VITT3;BRVITTACNOR4;VITT;160859;12,5214201;1;2014183,12
2023-01-04;VIVA3;BRVIVAACNOR0;VIVA;6290449;20,8340253;1;131055374,12
2023-01-04;VIVR3;BRVIVRACNOR4;VIVR;4506291;0,4831421;1;2177178,94
2023-01-04;VIVT3;BRVIVTACNOR0;VIVT;21393054;37,7837295;1;808309366,09
2023-01-04;VLID3;BRVLIDACNOR5;VLID;371213;9,3410991;1;3467537,43
2023-01-04;VLOE34;BRVLOEBDR005;VLOE;150;336,68;1;50502
2023-01-04;VRTA11;BRVRTACTF008;VRTA;2385;87,7015974;1;209168,31
2023-01-04;VSLH11;BRVSLHCTF008;VSLH;28714;8,9973082;1;258348,71
2023-01-04;VULC3;BRVULCACNOR2;VULC;1964953;12,1061046;1;23787926,61
2023-01-04;VVEO3;BRVVEOACNOR0;VVEO;1604862;16,0410786;1;25743717,63
2023-01-04;W1EL34;BRW1ELBDR006;W1EL;22;179,4;1;3946,8
2023-01-04;W1HR34;BRW1HRBDR006;W1HR;10;198,475;1;1984,75
2023-01-04;W1MC34;BRW1MCBDR008;W1MC;22;414,2163636;1;9112,76
2023-01-04;WALM34;BRWALMBDR005;WALM;11291;47,4727145;1;536014,42
2023-01-04;WEGE3;BRWEGEACNOR0;WEGE;44621095;37,5276328;1;1674524070,4
2023-01-04;WEST3;BRWESTACNOR3;WEST;3336135;1,0515239;1;3508025,76
2023-01-04;WFCO34;BRWFCOBDR009;WFCO;1101;54,9268846;1;60474,5
2023-01-04;WHRL3;BRWHRLACNOR5;WHRL;579;4,8139723;1;2787,29
2023-01-04;WHRL4;BRWHRLACNPR2;WHRL;11889;5,1292707;1;60981,9
2023-01-04;WIZS3;BRWIZSACNOR1;WIZS;1988982;7,3374206;1;14593997,67
2023-01-04;WLMM3;BRWLMMACNOR6;WLMM;3;21,5;1;64,5
2023-01-04;WLMM4;BRWLMMACNPR3;WLMM;38;21,6215789;1;821,62
2023-01-04;WRLD11;BRWRLDCTF007;WRLD;32175;80,8538057;1;2601471,2
2023-01-04;WUNI34;BRWUNIBDR007;WUNI;1;74,2;1;74,2
2023-01-04;XBOV11;BRXBOVCTF005;XBOV;241;103,1827385;1;24867,04
2023-01-04;XFIX11;BRXFIXCTF004;XFIX;25796;10,0122247;1;258275,35
2023-01-04;XINA11;BRXINACTF006;XINA;540329;6,2993843;1;3403740,05
2023-01-04;XMAL11;BRXMALCTF002;XMAL;10657;6,5036717;1;69309,63
2023-01-04;XPBR31;BRXPBRBDR001;XPBR;3556189;79,2848978;1;281952081,54
2023-01-04;XPCI11;BRXPCICTF007;XPCI;43989;84,9631898;1;3737445,76
2023-01-04;XPCM11;BRXPCMCTF009;XPCM;1;15,05;1;15,05
2023-01-04;XPIN11;BRXPINCTF004;XPIN;66;73,8512121;1;4874,18
2023-01-04;XPLG11;BRXPLGCTF002;XPLG;64846;99,9040656;1;6478379,04
2023-01-04;XPML11;BRXPMLCTF000;XPML;170238;100,7598721;1;17153159,12
2023-01-04;XPPR11;BRXPPRCTF000;XPPR;3992;32,8212099;1;131022,27
2023-01-04;YDRO11;BRYDROCTF007;YDRO;3;43,34;1;130,02
2023-01-04;YDUQ3;BRYDUQACNOR3;YDUQ;28148900;10,8891011;1;306516218,57
2023-01-04;Z1OM34;BRZ1OMBDR000;Z1OM;3290;14,8728206;1;48931,58
2023-01-04;Z1TS34;BRZ1TSBDR006;Z1TS;3500;50,74;1;177590
2023-01-04;ZAMP3;BRZAMPACNOR5;ZAMP;3854792;5,2789896;1;20349406,89
